INSERT INTO `LOCATION` (`id`, `description`, `isActive`)
VALUES (1, 'Kottawa', 1)
     , (2, 'Kahathuduwa', 1)
     , (3, 'Gelanigama', 1)
     , (4, 'Dodangoda', 1)
     , (5, 'Welipanna', 1)
     , (6, 'Kurundugahahetekma', 1)
     , (7, 'Baddegama', 1)
     , (8, 'Pinnaduwa', 1)
     , (9, 'Imaduwa', 1)
     , (10, 'Kokmaduwa', 1)
     , (11, 'Godagama-Palatuwa', 1)
     , (12, 'Aparekka', 1)
     , (13, 'Beliatta', 1)
     , (14, 'Kasagala', 1)
     , (15, 'Angunakolapelessa', 1)
     , (16, 'Barawakumbuka', 1)
     , (17, 'Sooriyawewa', 1)
     , (18, 'Mattala', 1)
     , (19, 'Hambantota', 1);


INSERT INTO TERMINAL(`id`, `isActive`, `locationId`, `name`, `terminalType`)
VALUES (1, 1, 1, 'Kottawa Entrance 1', '0'),
       (2, 1, 1, 'Kottawa Entrance 2', '0'),
       (3, 1, 1, 'Kottawa Exit 1', 1),
       (4, 1, 1, 'Kottawa Exit 2', 1),
       (5, 1, 2, 'Kahathuduwa Entrance 1', '0'),
       (6, 1, 2, 'Kahathuduwa Entrance 2', '0'),
       (7, 1, 2, 'Kahathuduwa Exit 1', 1),
       (8, 1, 2, 'Kahathuduwa Exit 2', 1),
       (9, 1, 3, 'Gelanigama Entrance 1', '0'),
       (10, 1, 3, 'Gelanigama Entrance 2', '0'),
       (11, 1, 3, 'Gelanigama Exit 1', 1),
       (12, 1, 3, 'Gelanigama Exit 2', 1),
       (13, 1, 4, 'Dodangoda Entrance 1', '0'),
       (14, 1, 4, 'Dodangoda Entrance 2', '0'),
       (15, 1, 4, 'Dodangoda Exit 1', 1),
       (16, 1, 4, 'Dodangoda Exit 2', 1),
       (17, 1, 5, 'Welipanna Entrance 1', '0'),
       (18, 1, 5, 'Welipanna Entrance 2', '0'),
       (19, 1, 5, 'Welipanna Exit 1', 1),
       (20, 1, 5, 'Welipanna Exit 2', 1),
       (21, 1, 6, 'Kurundugahahetekma Entrance 1', '0'),
       (22, 1, 6, 'Kurundugahahetekma Entrance 2', '0'),
       (23, 1, 6, 'Kurundugahahetekma Exit 1', 1),
       (24, 1, 6, 'Kurundugahahetekma Exit 2', 1),
       (25, 1, 7, 'Baddegama Entrance 1', '0'),
       (26, 1, 7, 'Baddegama Entrance 2', '0'),
       (27, 1, 7, 'Baddegama Exit 1', 1),
       (28, 1, 7, 'Baddegama Exit 2', 1),
       (29, 1, 8, 'Pinnaduwa Entrance 1', '0'),
       (30, 1, 8, 'Pinnaduwa Entrance 2', '0'),
       (31, 1, 8, 'Pinnaduwa Exit 1', 1),
       (32, 1, 8, 'Pinnaduwa Exit 2', 1),
       (33, 1, 9, 'Imaduwa Entrance 1', '0'),
       (34, 1, 9, 'Imaduwa Entrance 2', '0'),
       (35, 1, 9, 'Imaduwa Exit 1', 1),
       (36, 1, 9, 'Imaduwa Exit 2', 1),
       (37, 1, 10, 'Kokmaduwa Entrance 1', '0'),
       (38, 1, 10, 'Kokmaduwa Entrance 2', '0'),
       (39, 1, 10, 'Kokmaduwa Exit 1', 1),
       (40, 1, 10, 'Kokmaduwa Exit 2', 1),
       (41, 1, 11, 'Godagama-Palatuwa Entrance 1', '0'),
       (42, 1, 11, 'Godagama-Palatuwa Entrance 2', '0'),
       (43, 1, 11, 'Godagama-Palatuwa Exit 1', 1),
       (44, 1, 11, 'Godagama-Palatuwa Exit 2', 1),
       (45, 1, 12, 'Aparekka Entrance 1', '0'),
       (46, 1, 12, 'Aparekka Entrance 2', '0'),
       (47, 1, 12, 'Aparekka Exit 1', 1),
       (48, 1, 12, 'Aparekka Exit 2', 1),
       (49, 1, 13, 'Beliatta Entrance 1', '0'),
       (50, 1, 13, 'Beliatta Entrance 2', '0'),
       (51, 1, 13, 'Beliatta Exit 1', 1),
       (52, 1, 13, 'Beliatta Exit 2', 1),
       (53, 1, 14, 'Kasagala Entrance 1', '0'),
       (54, 1, 14, 'Kasagala Entrance 2', '0'),
       (55, 1, 14, 'Kasagala Exit 1', 1),
       (56, 1, 14, 'Kasagala Exit 2', 1),
       (57, 1, 15, 'Angunakolapelessa Entrance 1', '0'),
       (58, 1, 15, 'Angunakolapelessa Entrance 2', '0'),
       (59, 1, 15, 'Angunakolapelessa Exit 1', 1),
       (60, 1, 15, 'Angunakolapelessa Exit 2', 1),
       (61, 1, 16, 'Barawakumbuka Entrance 1', '0'),
       (62, 1, 16, 'Barawakumbuka Entrance 2', '0'),
       (63, 1, 16, 'Barawakumbuka Exit 1', 1),
       (64, 1, 16, 'Barawakumbuka Exit 2', 1),
       (65, 1, 17, 'Sooriyawewa Entrance 1', '0'),
       (66, 1, 17, 'Sooriyawewa Entrance 2', '0'),
       (67, 1, 17, 'Sooriyawewa Exit 1', 1),
       (68, 1, 17, 'Sooriyawewa Exit 2', 1),
       (69, 1, 18, 'Mattala Entrance 1', '0'),
       (70, 1, 18, 'Mattala Entrance 2', '0'),
       (71, 1, 18, 'Mattala Exit 1', 1),
       (72, 1, 18, 'Mattala Exit 2', 1),
       (73, 1, 19, 'Hambantota Entrance 1', '0'),
       (74, 1, 19, 'Hambantota Entrance 2', '0'),
       (75, 1, 19, 'Hambantota Exit 1', 1),
       (76, 1, 19, 'Hambantota Exit 2', 1);


INSERT INTO ROUTE (`entrance`, `exist`, `fee`, `isActive`)
VALUES (1, 2, 50, 1),
       (1, 3, 100, 1),
       (1, 4, 150, 1),
       (1, 5, 200, 1),
       (1, 6, 250, 1),
       (1, 7, 300, 1),
       (1, 8, 350, 1),
       (1, 9, 400, 1),
       (1, 10, 450, 1),
       (1, 11, 500, 1),
       (1, 12, 550, 1),
       (1, 13, 600, 1),
       (1, 14, 650, 1),
       (1, 15, 700, 1),
       (1, 16, 750, 1),
       (1, 17, 800, 1),
       (1, 18, 850, 1),
       (1, 19, 900, 1),
       (2, 1, 50, 1),
       (2, 3, 50, 1),
       (2, 4, 100, 1),
       (2, 5, 150, 1),
       (2, 6, 200, 1),
       (2, 7, 250, 1),
       (2, 8, 300, 1),
       (2, 9, 350, 1),
       (2, 10, 400, 1),
       (2, 11, 450, 1),
       (2, 12, 500, 1),
       (2, 13, 550, 1),
       (2, 14, 600, 1),
       (2, 15, 650, 1),
       (2, 16, 700, 1),
       (2, 17, 750, 1),
       (2, 18, 800, 1),
       (2, 19, 850, 1),
       (3, 1, 100, 1),
       (3, 2, 50, 1),
       (3, 4, 50, 1),
       (3, 5, 100, 1),
       (3, 6, 150, 1),
       (3, 7, 200, 1),
       (3, 8, 250, 1),
       (3, 9, 300, 1),
       (3, 10, 350, 1),
       (3, 11, 400, 1),
       (3, 12, 450, 1),
       (3, 13, 500, 1),
       (3, 14, 550, 1),
       (3, 15, 600, 1),
       (3, 16, 650, 1),
       (3, 17, 700, 1),
       (3, 18, 750, 1),
       (3, 19, 800, 1),
       (4, 1, 150, 1),
       (4, 2, 100, 1),
       (4, 3, 50, 1),
       (4, 5, 50, 1),
       (4, 6, 100, 1),
       (4, 7, 150, 1),
       (4, 8, 200, 1),
       (4, 9, 250, 1),
       (4, 10, 300, 1),
       (4, 11, 350, 1),
       (4, 12, 400, 1),
       (4, 13, 450, 1),
       (4, 14, 500, 1),
       (4, 15, 550, 1),
       (4, 16, 600, 1),
       (4, 17, 650, 1),
       (4, 18, 700, 1),
       (4, 19, 750, 1),
       (5, 1, 250, 1),
       (5, 2, 200, 1),
       (5, 3, 150, 1),
       (5, 4, 100, 1),
       (5, 6, 50, 1),
       (5, 7, 100, 1),
       (5, 8, 150, 1),
       (5, 9, 200, 1),
       (5, 10, 250, 1),
       (5, 11, 300, 1),
       (5, 12, 350, 1),
       (5, 13, 400, 1),
       (5, 14, 450, 1),
       (5, 15, 500, 1),
       (5, 16, 550, 1),
       (5, 17, 600, 1),
       (5, 18, 650, 1),
       (5, 19, 700, 1),
       (6, 1, 250, 1),
       (6, 2, 200, 1),
       (6, 3, 150, 1),
       (6, 4, 100, 1),
       (6, 5, 50, 1),
       (6, 7, 50, 1),
       (6, 8, 100, 1),
       (6, 9, 150, 1),
       (6, 10, 200, 1),
       (6, 11, 250, 1),
       (6, 12, 300, 1),
       (6, 13, 350, 1),
       (6, 14, 400, 1),
       (6, 15, 450, 1),
       (6, 16, 500, 1),
       (6, 17, 550, 1),
       (6, 18, 600, 1),
       (6, 19, 650, 1),
       (7, 1, 300, 1),
       (7, 2, 250, 1),
       (7, 3, 200, 1),
       (7, 4, 150, 1),
       (7, 5, 100, 1),
       (7, 6, 50, 1),
       (7, 8, 50, 1),
       (7, 9, 100, 1),
       (7, 10, 150, 1),
       (7, 11, 200, 1),
       (7, 12, 250, 1),
       (7, 13, 300, 1),
       (7, 14, 350, 1),
       (7, 15, 400, 1),
       (7, 16, 450, 1),
       (7, 17, 500, 1),
       (7, 18, 550, 1),
       (7, 19, 600, 1),
       (8, 1, 300, 1),
       (8, 2, 250, 1),
       (8, 3, 200, 1),
       (8, 4, 150, 1),
       (8, 5, 100, 1),
       (8, 6, 50, 1),
       (8, 7, 50, 1),
       (8, 9, 100, 1),
       (8, 10, 150, 1),
       (8, 11, 200, 1),
       (8, 12, 250, 1),
       (8, 13, 300, 1),
       (8, 14, 350, 1),
       (8, 15, 400, 1),
       (8, 16, 450, 1),
       (8, 17, 500, 1),
       (8, 18, 550, 1),
       (8, 19, 600, 1),
       (9, 1, 350, 1),
       (9, 2, 300, 1),
       (9, 3, 250, 1),
       (9, 4, 200, 1),
       (9, 5, 150, 1),
       (9, 6, 100, 1),
       (9, 7, 50, 1),
       (9, 8, 50, 1),
       (9, 10, 100, 1),
       (9, 11, 150, 1),
       (9, 12, 200, 1),
       (9, 13, 250, 1),
       (9, 14, 300, 1),
       (9, 15, 350, 1),
       (9, 16, 400, 1),
       (9, 17, 450, 1),
       (9, 18, 500, 1),
       (9, 19, 550, 1),
       (10, 1, 400, 1),
       (10, 2, 350, 1),
       (10, 3, 300, 1),
       (10, 4, 250, 1),
       (10, 5, 200, 1),
       (10, 6, 150, 1),
       (10, 7, 100, 1),
       (10, 8, 50, 1),
       (10, 9, 50, 1),
       (10, 11, 100, 1),
       (10, 12, 150, 1),
       (10, 13, 200, 1),
       (10, 14, 250, 1),
       (10, 15, 300, 1),
       (10, 16, 350, 1),
       (10, 17, 400, 1),
       (10, 18, 450, 1),
       (10, 19, 500, 1),
       (11, 1, 450, 1),
       (11, 2, 400, 1),
       (11, 3, 350, 1),
       (11, 4, 300, 1),
       (11, 5, 250, 1),
       (11, 6, 200, 1),
       (11, 7, 150, 1),
       (11, 8, 100, 1),
       (11, 9, 50, 1),
       (11, 10, 50, 1),
       (11, 12, 100, 1),
       (11, 13, 150, 1),
       (11, 14, 200, 1),
       (11, 15, 250, 1),
       (11, 16, 300, 1),
       (11, 17, 350, 1),
       (11, 18, 400, 1),
       (11, 19, 450, 1),
       (12, 1, 500, 1),
       (12, 2, 450, 1),
       (12, 3, 400, 1),
       (12, 4, 350, 1),
       (12, 5, 300, 1),
       (12, 6, 250, 1),
       (12, 7, 200, 1),
       (12, 8, 150, 1),
       (12, 9, 100, 1),
       (12, 10, 50, 1),
       (12, 11, 50, 1),
       (12, 13, 100, 1),
       (12, 14, 150, 1),
       (12, 15, 200, 1),
       (12, 16, 250, 1),
       (12, 17, 300, 1),
       (12, 18, 350, 1),
       (12, 19, 400, 1),
       (13, 1, 600, 1),
       (13, 2, 550, 1),
       (13, 3, 500, 1),
       (13, 4, 450, 1),
       (13, 5, 400, 1),
       (13, 6, 350, 1),
       (13, 7, 300, 1),
       (13, 8, 250, 1),
       (13, 9, 200, 1),
       (13, 10, 150, 1),
       (13, 11, 100, 1),
       (13, 12, 50, 1),
       (13, 14, 100, 1),
       (13, 15, 150, 1),
       (13, 16, 200, 1),
       (13, 17, 250, 1),
       (13, 18, 300, 1),
       (13, 19, 350, 1),
       (14, 1, 600, 1),
       (14, 2, 550, 1),
       (14, 3, 500, 1),
       (14, 4, 450, 1),
       (14, 5, 400, 1),
       (14, 6, 350, 1),
       (14, 7, 300, 1),
       (14, 8, 250, 1),
       (14, 9, 200, 1),
       (14, 10, 150, 1),
       (14, 11, 100, 1),
       (14, 12, 50, 1),
       (14, 13, 50, 1),
       (14, 15, 100, 1),
       (14, 16, 150, 1),
       (14, 17, 200, 1),
       (14, 18, 250, 1),
       (14, 19, 300, 1),
       (15, 1, 650, 1),
       (15, 2, 600, 1),
       (15, 3, 550, 1),
       (15, 4, 500, 1),
       (15, 5, 450, 1),
       (15, 6, 400, 1),
       (15, 7, 350, 1),
       (15, 8, 300, 1),
       (15, 9, 250, 1),
       (15, 10, 200, 1),
       (15, 11, 150, 1),
       (15, 12, 100, 1),
       (15, 13, 50, 1),
       (15, 14, 50, 1),
       (15, 16, 100, 1),
       (15, 17, 150, 1),
       (15, 18, 200, 1),
       (15, 19, 250, 1),
       (16, 1, 700, 1),
       (16, 2, 650, 1),
       (16, 3, 600, 1),
       (16, 4, 550, 1),
       (16, 5, 500, 1),
       (16, 6, 450, 1),
       (16, 7, 400, 1),
       (16, 8, 350, 1),
       (16, 9, 300, 1),
       (16, 10, 250, 1),
       (16, 11, 200, 1),
       (16, 12, 150, 1),
       (16, 13, 100, 1),
       (16, 14, 50, 1),
       (16, 15, 50, 1),
       (16, 17, 100, 1),
       (16, 18, 150, 1),
       (16, 19, 200, 1),
       (17, 1, 750, 1),
       (17, 2, 700, 1),
       (17, 3, 650, 1),
       (17, 4, 600, 1),
       (17, 5, 550, 1),
       (17, 6, 500, 1),
       (17, 7, 450, 1),
       (17, 8, 400, 1),
       (17, 9, 350, 1),
       (17, 10, 300, 1),
       (17, 11, 250, 1),
       (17, 12, 200, 1),
       (17, 13, 150, 1),
       (17, 14, 100, 1),
       (17, 15, 50, 1),
       (17, 16, 50, 1),
       (17, 18, 100, 1),
       (17, 19, 150, 1),
       (18, 1, 800, 1),
       (18, 2, 750, 1),
       (18, 3, 700, 1),
       (18, 4, 650, 1),
       (18, 5, 600, 1),
       (18, 6, 550, 1),
       (18, 7, 500, 1),
       (18, 8, 450, 1),
       (18, 9, 400, 1),
       (18, 10, 350, 1),
       (18, 11, 300, 1),
       (18, 12, 250, 1),
       (18, 13, 200, 1),
       (18, 14, 150, 1),
       (18, 15, 100, 1),
       (18, 16, 50, 1),
       (18, 17, 50, 1),
       (18, 18, 100, 1),
       (19, 1, 850, 1),
       (19, 2, 800, 1),
       (19, 3, 750, 1),
       (19, 4, 700, 1),
       (19, 5, 650, 1),
       (19, 6, 600, 1),
       (19, 7, 550, 1),
       (19, 8, 500, 1),
       (19, 9, 450, 1),
       (19, 10, 400, 1),
       (19, 11, 350, 1),
       (19, 12, 300, 1),
       (19, 13, 250, 1),
       (19, 14, 200, 1),
       (19, 15, 150, 1),
       (19, 16, 100, 1),
       (19, 17, 50, 1),
       (19, 18, 50, 1);

INSERT INTO VEHICLETYPE (`id`, `charge`, `isActive`, `name`)
VALUES (1, 50.00, 1, 'Vehicles with Two Axles and Four Wheels'),
       (2, 100.00, 1, 'Vehicles with Two Axles and Six Wheels'),
       (3, 200.00, 1, 'Vehicles with More than Two Axles');
